<?xml version="1.0" encoding="UTF-8"?>
<project xmlns:xsi="http://www.w3.org/2001/XMLSchema-instance" uuid="2b0ed438-9490-4b92-9d42-0d4f20935878" xsi:noNamespaceSchemaLocation="https://www.jetbrains.com/teamcity/schemas/2020.1/project-config.xsd">
  <name>Spring3hibernate</name>
  <parameters />
  <project-extensions>
    <extension id="PROJECT_EXT_2" type="sonar-qube">
      <parameters>
        <param name="id" value="ebfde34c-f104-4254-965a-520eafa6e997" />
        <param name="jdbcUsername" value="vishant" />
        <param name="name" value="sonarqube" />
        <param name="token" value="scrambled:NzVlMGI0YjdhMzRlYzVkYWVkOGFiYzc3NWU3YmRmOWMyZjRlYWMxOA==" />
        <param name="url" value="http://sonarqube:9000" />
        <param name="useToken" value="true" />
      </parameters>
    </extension>
  </project-extensions>
  <cleanup />
</project>

