<?xml version="1.0" encoding="UTF-8"?>
<build-type xmlns:xsi="http://www.w3.org/2001/XMLSchema-instance" uuid="f6f85f2f-97c8-4b9f-a68a-2f8725645dc5" xsi:noNamespaceSchemaLocation="https://www.jetbrains.com/teamcity/schemas/2020.1/project-config.xsd">
  <name>Build</name>
  <description />
  <settings>
    <parameters />
    <build-runners>
      <runner id="RUNNER_1" name="" type="Maven2">
        <parameters>
          <param name="goals" value="clean test" />
          <param name="localRepoScope" value="agent" />
          <param name="maven.path" value="%teamcity.tool.maven.DEFAULT%" />
          <param name="pomLocation" value="pom.xml" />
          <param name="runnerArgs" value="-Dmaven.test.failure.ignore=true" />
          <param name="teamcity.step.mode" value="default" />
          <param name="userSettingsSelection" value="userSettingsSelection:default" />
        </parameters>
      </runner>
    </build-runners>
    <vcs-settings>
      <vcs-entry-ref root-id="SampleProjectMaven_HttpsGithubComWeb3jSampleProjectMavenGitRefsHeadsMaster" />
    </vcs-settings>
    <requirements />
    <build-triggers>
      <build-trigger id="vcsTrigger" type="vcsTrigger">
        <parameters>
          <param name="branchFilter" value="+:*" />
          <param name="enableQueueOptimization" value="true" />
          <param name="quietPeriodMode" value="DO_NOT_USE" />
        </parameters>
      </build-trigger>
    </build-triggers>
    <cleanup />
  </settings>
</build-type>

