<?xml version="1.0" encoding="UTF-8"?>
<build-type xmlns:xsi="http://www.w3.org/2001/XMLSchema-instance" uuid="61a388af-5fb7-403f-acdf-15de74efb9ce" xsi:noNamespaceSchemaLocation="https://www.jetbrains.com/teamcity/schemas/2020.1/project-config.xsd">
  <name>Build</name>
  <description />
  <settings>
    <parameters />
    <build-runners>
      <runner id="RUNNER_2" name="" type="Maven2">
        <parameters>
          <param name="goals" value="clean test" />
          <param name="localRepoScope" value="agent" />
          <param name="maven.path" value="%teamcity.tool.maven.DEFAULT%" />
          <param name="pomLocation" value="pom.xml" />
          <param name="runnerArgs" value="-Dmaven.test.failure.ignore=true" />
          <param name="teamcity.step.mode" value="default" />
          <param name="userSettingsSelection" value="userSettingsSelection:default" />
        </parameters>
      </runner>
      <runner id="RUNNER_3" name="code coverage" type="sonar-plugin">
        <parameters>
          <param name="sonarProjectBinaries" value="." />
          <param name="sonarProjectKey" value="%teamcity.project.id%" />
          <param name="sonarProjectName" value="%system.teamcity.projectName%" />
          <param name="sonarProjectSources" value="src" />
          <param name="sonarProjectVersion" value="%build.number%" />
          <param name="sonarServer" value="ebfde34c-f104-4254-965a-520eafa6e997" />
          <param name="teamcity.step.mode" value="default" />
          <param name="teamcity.tool.sonarquberunner" value="%teamcity.tool.sonar-qube-scanner.DEFAULT%" />
        </parameters>
      </runner>
    </build-runners>
    <vcs-settings>
      <vcs-entry-ref root-id="Spring3hibernate_HttpsGithubComOpstreeSpring3hibernateGitRefsHeadsMaster" />
    </vcs-settings>
    <requirements />
    <build-triggers>
      <build-trigger id="vcsTrigger" type="vcsTrigger">
        <parameters>
          <param name="branchFilter" value="+:*" />
          <param name="enableQueueOptimization" value="true" />
          <param name="quietPeriodMode" value="DO_NOT_USE" />
        </parameters>
      </build-trigger>
    </build-triggers>
    <cleanup />
  </settings>
</build-type>

